Date,price,signal,position,returns
2021-01-19,353.4608154296875,False,0.0,0.0
2021-01-20,358.3522644042969,False,0.0,0.0
2021-01-21,358.678955078125,False,0.0,0.0
2021-01-22,357.40936279296875,False,0.0,-0.0
2021-01-25,358.8189697265625,False,0.0,0.0
2021-01-26,358.2588806152344,False,0.0,-0.0
2021-01-27,349.50286865234375,False,0.0,-0.0
2021-01-28,352.5086364746094,False,0.0,0.0
2021-01-29,345.4516296386719,False,0.0,-0.0
2021-02-01,351.20184326171875,False,0.0,0.0
2021-02-02,356.1678466796875,False,0.0,0.0
2021-02-03,356.4479675292969,False,0.0,0.0
2021-02-04,360.49920654296875,False,0.0,0.0
2021-02-05,361.91802978515625,False,0.0,0.0
2021-02-08,364.5318603515625,False,0.0,0.0
2021-02-09,364.28912353515625,False,0.0,-0.0
2021-02-10,364.1304626464844,False,0.0,-0.0
2021-02-11,364.7185363769531,False,0.0,0.0
2021-02-12,366.5202331542969,False,0.0,0.0
2021-02-16,366.2027282714844,False,0.0,-0.0
2021-02-17,366.2867431640625,False,0.0,0.0
2021-02-18,364.72784423828125,False,0.0,-0.0
2021-02-19,364.083740234375,False,0.0,-0.0
2021-02-22,361.2833557128906,False,0.0,-0.0
2021-02-23,361.72210693359375,False,0.0,0.0
2021-02-24,365.70794677734375,False,0.0,0.0
2021-02-25,356.8959655761719,False,0.0,-0.0
2021-02-26,355.05706787109375,False,0.0,-0.0
2021-03-01,363.6636962890625,False,0.0,0.0
2021-03-02,360.8259582519531,False,0.0,-0.0
2021-03-03,356.0465393066406,False,0.0,-0.0
2021-03-04,351.6405029296875,False,0.0,-0.0
2021-03-05,358.1095275878906,False,0.0,0.0
2021-03-08,356.3266296386719,False,0.0,-0.0
2021-03-09,361.4140319824219,True,0.0,0.0
2021-03-10,363.6636962890625,True,1.0,0.00622461804900265
2021-03-11,367.3509216308594,True,1.0,0.010139107585999119
2021-03-12,367.845703125,True,1.0,0.001346890575213644
2021-03-15,370.039306640625,True,1.0,0.005963379474027919
2021-03-16,369.5725402832031,True,1.0,-0.0012613966923119557
2021-03-17,370.83282470703125,True,1.0,0.0034101138111137796
2021-03-18,365.4373474121094,True,1.0,-0.014549621650091105
2021-03-19,364.7611389160156,True,1.0,-0.0018504088344620806
2021-03-22,367.6737060546875,True,1.0,0.00798486140088106
2021-03-23,364.7798767089844,True,1.0,-0.007870645352248018
2021-03-24,362.92547607421875,False,1.0,-0.005083615498464145
2021-03-25,364.9671936035156,False,0.0,0.0
2021-03-26,370.8486328125,True,0.0,0.0
2021-03-29,370.6612854003906,True,1.0,-0.0005051856621084427
2021-03-30,369.6779479980469,True,1.0,-0.0026529271900666007
2021-03-31,371.1764221191406,False,1.0,0.004053458230896867
2021-04-01,375.1847229003906,True,0.0,0.0
2021-04-05,380.5698547363281,True,1.0,0.014353281216536118
2021-04-06,380.3450927734375,True,1.0,-0.0005905931857013158
2021-04-07,380.78521728515625,True,1.0,0.001157171526808387
2021-04-08,382.5926818847656,True,1.0,0.0047466774379947285
2021-04-09,385.3742980957031,True,1.0,0.007270437576679223
2021-04-12,385.51470947265625,True,1.0,0.00036435065246176457
2021-04-13,386.6573486328125,True,1.0,0.002963931419683652
2021-04-14,385.33685302734375,True,1.0,-0.003415157141427483
2021-04-15,389.4762878417969,True,1.0,0.010742379769628219
2021-04-16,390.7780456542969,True,1.0,0.0033423287967373483
2021-04-19,388.8580627441406,True,1.0,-0.004913231261345685
2021-04-20,386.0110778808594,True,1.0,-0.0073213985668454384
2021-04-21,389.6635437011719,True,1.0,0.00946207513101438
2021-04-22,386.1047058105469,True,1.0,-0.009133104567139672
2021-04-23,390.2910461425781,False,1.0,0.010842500153534607
2021-04-26,391.1058349609375,False,0.0,0.0
2021-04-27,391.0216064453125,False,0.0,-0.0
2021-04-28,390.9091491699219,False,0.0,-0.0
2021-04-29,393.4002990722656,False,0.0,0.0
2021-04-30,390.8155212402344,False,0.0,-0.0
2021-05-03,391.65838623046875,False,0.0,0.0
2021-05-04,389.2421569824219,False,0.0,-0.0
2021-05-05,389.3638916015625,False,0.0,0.0
2021-05-06,392.47314453125,False,0.0,0.0
2021-05-07,395.3294982910156,False,0.0,0.0
2021-05-10,391.41485595703125,False,0.0,-0.0
2021-05-11,387.9216003417969,False,0.0,-0.0
2021-05-12,379.6802062988281,False,0.0,-0.0
2021-05-13,384.2410888671875,False,0.0,0.0
2021-05-14,390.1412353515625,False,0.0,0.0
2021-05-17,389.1484069824219,False,0.0,-0.0
2021-05-18,385.79571533203125,False,0.0,-0.0
2021-05-19,384.78411865234375,False,0.0,-0.0
2021-05-20,388.92364501953125,False,0.0,0.0
2021-05-21,388.6052551269531,False,0.0,-0.0
2021-05-24,392.56683349609375,False,0.0,0.0
2021-05-25,391.6958312988281,True,0.0,-0.0
2021-05-26,392.47314453125,True,1.0,0.001984481759339518
2021-05-27,392.67919921875,True,1.0,0.0005250160179650631
2021-05-28,393.3816223144531,True,1.0,0.0017887962924967304
2021-06-01,393.0351257324219,True,1.0,-0.000880815377171551
2021-06-02,393.6532897949219,True,1.0,0.0015727959717291018
2021-06-03,392.1921691894531,True,1.0,-0.0037116941312237417
2021-06-04,395.7791442871094,True,1.0,0.009145963074860708
2021-06-07,395.3951416015625,True,1.0,-0.0009702448729039803
2021-06-08,395.4794921875,True,1.0,0.0002133323783286567
2021-06-09,394.88946533203125,True,1.0,-0.00149192781705354
2021-06-10,396.72503662109375,True,1.0,0.004648316681527875
2021-06-11,397.3805847167969,True,1.0,0.0016523991056536236
2021-06-14,398.2702941894531,True,1.0,0.0022389354358878233
2021-06-15,397.5398254394531,True,1.0,-0.0018341030216341148
2021-06-16,395.32012939453125,False,1.0,-0.005583581575677732
2021-06-17,395.18914794921875,False,0.0,-0.0
2021-06-18,389.85784912109375,False,0.0,-0.0
2021-06-21,395.4390563964844,False,0.0,0.0
2021-06-22,397.55316162109375,False,0.0,0.0
2021-06-23,397.07391357421875,False,0.0,-0.0
2021-06-24,399.4229736328125,False,0.0,0.0
2021-06-25,400.84173583984375,False,0.0,0.0
2021-06-28,401.6497802734375,False,0.0,0.0
2021-06-29,401.865966796875,False,0.0,0.0
2021-06-30,402.2041015625,True,0.0,0.0
2021-07-01,404.4309997558594,True,1.0,0.005536736658597441
2021-07-02,407.5223083496094,True,1.0,0.0076435995154082725
2021-07-06,406.7799987792969,True,1.0,-0.0018215188594673526
2021-07-07,408.2175598144531,True,1.0,0.0035340012770299634
2021-07-08,404.89141845703125,True,1.0,-0.008147962471123704
2021-07-09,409.2135925292969,True,1.0,0.010674896713634086
2021-07-12,410.6793518066406,True,1.0,0.0035818929383162335
2021-07-13,409.2792663574219,True,1.0,-0.0034091936764280018
2021-07-14,409.8900451660156,True,1.0,0.0014923277546641245
2021-07-15,408.49005126953125,True,1.0,-0.0034155352465741196
2021-07-16,405.2860107421875,True,1.0,-0.007843619489351195
2021-07-19,399.30084228515625,False,1.0,-0.014767764735009736
2021-07-20,405.0229797363281,False,0.0,0.0
2021-07-21,408.30218505859375,False,0.0,0.0
2021-07-22,409.1572265625,False,0.0,0.0
2021-07-23,413.36663818359375,True,0.0,0.0
2021-07-26,414.3813171386719,True,1.0,0.002454670651547586
2021-07-27,412.4927978515625,True,1.0,-0.0045574431302783935
2021-07-28,412.3235778808594,False,1.0,-0.00041023739465151365
2021-07-29,414.0337219238281,False,0.0,0.0
2021-07-30,412.0229187011719,False,0.0,-0.0
2021-08-02,411.1585693359375,False,0.0,-0.0
2021-08-03,414.5035095214844,False,0.0,0.0
2021-08-04,412.464599609375,False,0.0,-0.0
2021-08-05,415.07666015625,False,0.0,0.0
2021-08-06,415.76251220703125,False,0.0,0.0
2021-08-09,415.4242858886719,False,0.0,-0.0
2021-08-10,415.9411315917969,False,0.0,0.0
2021-08-11,416.974609375,False,0.0,0.0
2021-08-12,418.22430419921875,False,0.0,0.0
2021-08-13,418.9854431152344,True,0.0,0.0
2021-08-16,419.97198486328125,True,1.0,0.002354596715131052
2021-08-17,417.2189636230469,False,1.0,-0.00655524972964705
2021-08-18,412.6524353027344,False,0.0,-0.0
2021-08-19,413.2914733886719,False,0.0,0.0
2021-08-20,416.58001708984375,False,0.0,0.0
2021-08-23,420.2444763183594,False,0.0,0.0
2021-08-24,420.91156005859375,False,0.0,0.0
2021-08-25,421.7947692871094,False,0.0,0.0
2021-08-26,419.3049011230469,False,0.0,-0.0
2021-08-27,423.0538635253906,False,0.0,0.0
2021-08-30,424.9141845703125,True,0.0,0.0
2021-08-31,424.2846984863281,True,1.0,-0.001481442857976023
2021-09-01,424.5101623535156,True,1.0,0.0005313975922107694
2021-09-02,425.8162841796875,True,1.0,0.003076773990357884
2021-09-03,425.712890625,True,1.0,-0.0002428125896750677
2021-09-07,424.1907958984375,True,1.0,-0.003575402014084794
2021-09-08,423.6739501953125,True,1.0,-0.0012184274343584045
2021-09-09,421.8605651855469,False,1.0,-0.004280142805404119
2021-09-10,418.534423828125,False,0.0,-0.0
2021-09-13,419.60540771484375,False,0.0,0.0
2021-09-14,417.34112548828125,False,0.0,-0.0
2021-09-15,420.82696533203125,False,0.0,0.0
2021-09-16,420.159912109375,False,0.0,-0.0
2021-09-17,416.067138671875,False,0.0,-0.0
2021-09-20,409.1294860839844,False,0.0,-0.0
2021-09-21,408.7430419921875,False,0.0,-0.0
2021-09-22,412.730224609375,False,0.0,0.0
2021-09-23,417.74493408203125,False,0.0,0.0
2021-09-24,418.4330139160156,True,0.0,0.0
2021-09-27,417.2359313964844,True,1.0,-0.002860870150584005
2021-09-28,408.8279113769531,True,1.0,-0.020151716059999214
2021-09-29,409.5159606933594,False,1.0,0.001682980288916447
2021-09-30,404.5107421875,False,0.0,-0.0
2021-10-01,409.3179931640625,True,0.0,0.0
2021-10-04,404.03936767578125,True,1.0,-0.012896148169488031
2021-10-05,408.2434387207031,True,1.0,0.010405102525294918
2021-10-06,409.9401550292969,True,1.0,0.004156138587090741
2021-10-07,413.48431396484375,True,1.0,0.008645552020376313
2021-10-08,412.730224609375,True,1.0,-0.0018237435617276532
2021-10-11,409.74212646484375,True,1.0,-0.007239833591928702
2021-10-12,408.73358154296875,True,1.0,-0.002461413793540035
2021-10-13,410.2040710449219,True,1.0,0.003597672342952718
2021-10-14,417.1039733886719,True,1.0,0.016820657889069057
2021-10-15,420.280517578125,True,1.0,0.007615713088623854
2021-10-18,421.5247497558594,True,1.0,0.00296048026423934
2021-10-19,424.77685546875,True,1.0,0.007715100275308195
2021-10-20,426.4450988769531,True,1.0,0.003927340641858068
2021-10-21,427.5574951171875,True,1.0,0.0026085332981053977
2021-10-22,427.1144104003906,True,1.0,-0.0010363161021781364
2021-10-25,429.4049987792969,True,1.0,0.0053629386485907204
2021-10-26,429.7914123535156,True,1.0,0.0008998814064047345
2021-10-27,427.88739013671875,True,1.0,-0.004430107633771829
2021-10-28,432.0159912109375,True,1.0,0.009648802861190964
2021-10-29,432.8926086425781,True,1.0,0.002029131905935788
2021-11-01,433.6373291015625,True,1.0,0.0017203353536563437
2021-11-02,435.3905334472656,True,1.0,0.004043019887922217
2021-11-03,438.0487365722656,True,1.0,0.006105330549916355
2021-11-04,440.113037109375,True,1.0,0.004712490562722715
2021-11-05,441.6400146484375,True,1.0,0.003469512171444755
2021-11-08,442.01708984375,True,1.0,0.0008538066814727241
2021-11-09,440.5560607910156,True,1.0,-0.00330536779302093
2021-11-10,437.0118713378906,False,1.0,-0.008044809204897585
2021-11-11,437.15325927734375,False,0.0,0.0
2021-11-12,440.45233154296875,False,0.0,0.0
2021-11-15,440.6031494140625,False,0.0,0.0
2021-11-16,442.3470153808594,False,0.0,0.0
2021-11-17,441.2724609375,False,0.0,-0.0
2021-11-18,442.7711486816406,False,0.0,0.0
2021-11-19,441.9793701171875,False,0.0,-0.0
2021-11-22,440.7351379394531,False,0.0,-0.0
2021-11-23,441.319580078125,False,0.0,0.0
2021-11-24,442.497802734375,False,0.0,0.0
2021-11-26,432.628662109375,False,0.0,-0.0
2021-11-29,437.93560791015625,False,0.0,0.0
2021-11-30,429.41436767578125,False,0.0,-0.0
2021-12-01,424.644775390625,False,0.0,-0.0
2021-12-02,431.1487731933594,False,0.0,0.0
2021-12-03,427.3972473144531,False,0.0,-0.0
2021-12-06,432.458984375,False,0.0,0.0
2021-12-07,441.4043273925781,False,0.0,0.0
2021-12-08,442.5732116699219,False,0.0,0.0
2021-12-09,439.585205078125,True,0.0,-0.0
2021-12-10,443.72320556640625,True,1.0,0.009413420744098566
2021-12-13,439.7925109863281,True,1.0,-0.00885843816768761
2021-12-14,436.7666931152344,True,1.0,-0.006880103220283873
2021-12-15,443.5912780761719,True,1.0,0.0156252412752933
2021-12-16,439.679443359375,True,1.0,-0.008818556428255908
2021-12-17,435.0,True,1.0,-0.01064285226441719
2021-12-20,430.37445068359375,True,1.0,-0.010633446704382155
2021-12-21,438.0174255371094,True,1.0,0.017758895402307795
2021-12-22,442.39703369140625,True,1.0,0.009998707583211974
2021-12-23,445.1496887207031,True,1.0,0.006222137174674236
2021-12-27,451.449462890625,True,1.0,0.014152035437846822
2021-12-28,451.0805969238281,True,1.0,-0.0008170703414619451
2021-12-29,451.65765380859375,True,1.0,0.0012792766718427995
2021-12-30,450.4090270996094,True,1.0,-0.002764542344085963
2021-12-31,449.2738952636719,True,1.0,-0.002520224435214269
2022-01-03,451.87518310546875,True,1.0,0.005789982167270669
2022-01-04,451.7237548828125,True,1.0,-0.00033511073039149686
2022-01-05,443.0497741699219,True,1.0,-0.019201958318842083
2022-01-06,442.633544921875,False,1.0,-0.0009394638533033461
2022-01-07,440.883544921875,False,0.0,-0.0
2022-01-10,440.3349914550781,False,0.0,-0.0
2022-01-11,444.345703125,False,0.0,0.0
2022-01-12,445.54693603515625,False,0.0,0.0
2022-01-13,439.40789794921875,False,0.0,-0.0
2022-01-14,439.58758544921875,False,0.0,0.0
2022-01-18,431.802734375,False,0.0,-0.0
2022-01-19,427.3191223144531,False,0.0,-0.0
2022-01-20,422.5894775390625,False,0.0,-0.0
2022-01-21,414.2938232421875,False,0.0,-0.0
2022-01-24,416.05316162109375,False,0.0,0.0
2022-01-25,410.9736328125,False,0.0,-0.0
2022-01-26,409.9425964355469,False,0.0,-0.0
2022-01-27,407.918212890625,False,0.0,-0.0
2022-01-28,418.0491027832031,True,0.0,0.0
2022-01-31,425.5786437988281,True,1.0,0.01801114023567174
2022-02-01,428.4542236328125,True,1.0,0.00675687061812158
2022-02-02,432.61627197265625,True,1.0,0.009714102721532836
2022-02-03,422.4476318359375,True,1.0,-0.023504987665747046
2022-02-04,424.4340515136719,True,1.0,0.004702167861851958
2022-02-07,423.0719909667969,True,1.0,-0.0032091217517007387
2022-02-08,426.5528869628906,True,1.0,0.008227668270214039
2022-02-09,432.7960205078125,True,1.0,0.014636247311262451
2022-02-10,425.02044677734375,True,1.0,-0.01796590856206448
2022-02-11,416.6396179199219,True,1.0,-0.019718648646125825
2022-02-14,415.27752685546875,True,1.0,-0.0032692307833167566
2022-02-15,421.9746398925781,True,1.0,0.016126837124610827
2022-02-16,422.4476318359375,True,1.0,0.0011209013496160658
2022-02-17,413.42352294921875,False,1.0,-0.021361485321861995
2022-02-18,410.7465515136719,False,0.0,-0.0
2022-02-22,406.3386535644531,False,0.0,-0.0
2022-02-23,399.1306457519531,False,0.0,-0.0
2022-02-24,405.13726806640625,False,0.0,0.0
2022-02-25,414.0762634277344,False,0.0,0.0
2022-02-28,413.0168151855469,False,0.0,-0.0
2022-03-01,406.7264404296875,False,0.0,-0.0
2022-03-02,414.20867919921875,True,0.0,0.0
2022-03-03,412.1465148925781,True,1.0,-0.004978563729343799
2022-03-04,408.7980041503906,True,1.0,-0.008124564011078084
2022-03-07,396.7469787597656,False,1.0,-0.029479168851792137
2022-03-08,393.7389221191406,False,0.0,-0.0
2022-03-09,404.29547119140625,True,0.0,0.0
2022-03-10,402.4697570800781,True,1.0,-0.004515791646015677
2022-03-11,397.3524169921875,False,1.0,-0.012714843781100438
2022-03-14,394.44842529296875,False,0.0,-0.0
2022-03-15,403.1225280761719,False,0.0,0.0
2022-03-16,412.0614318847656,True,0.0,0.0
2022-03-17,417.2166748046875,True,1.0,0.012510860083026598
2022-03-18,421.786376953125,True,1.0,0.010952827210409799
2022-03-21,421.6629943847656,True,1.0,-0.0002925238345786729
2022-03-22,426.5970458984375,True,1.0,0.011701409844776522
2022-03-23,421.1031799316406,True,1.0,-0.012878349767346586
2022-03-24,427.4510192871094,True,1.0,0.015074308763232791
2022-03-25,429.53851318359375,True,1.0,0.004883586194193379
2022-03-28,432.5938415527344,True,1.0,0.007113048714760373
2022-03-29,437.9454650878906,True,1.0,0.012371011838604451
2022-03-30,435.24114990234375,True,1.0,-0.006175004426645092
2022-03-31,428.5422668457031,True,1.0,-0.015391198782890081
2022-04-01,429.7568054199219,True,1.0,0.0028341161845211182
2022-04-04,433.43829345703125,True,1.0,0.00856644500024184
2022-04-05,427.9634704589844,True,1.0,-0.012631147456724667
2022-04-06,423.68408203125,True,1.0,-0.009999424537670887
2022-04-07,425.81890869140625,False,1.0,0.0050387228378308
2022-04-08,424.680419921875,False,0.0,-0.0
2022-04-11,417.4216003417969,False,0.0,-0.0
2022-04-12,415.8749694824219,False,0.0,-0.0
2022-04-13,420.63824462890625,False,0.0,0.0
2022-04-14,415.4005432128906,False,0.0,-0.0
2022-04-18,415.57135009765625,False,0.0,0.0
2022-04-19,422.27978515625,False,0.0,0.0
2022-04-20,421.9666442871094,False,0.0,-0.0
2022-04-21,415.65673828125,False,0.0,-0.0
2022-04-22,404.2514343261719,False,0.0,-0.0
2022-04-25,406.5951843261719,False,0.0,0.0
2022-04-26,394.8198547363281,False,0.0,-0.0
2022-04-27,395.9300537109375,False,0.0,0.0
2022-04-28,405.93096923828125,False,0.0,0.0
2022-04-29,390.92950439453125,False,0.0,-0.0
2022-05-02,393.28271484375,False,0.0,0.0
2022-05-03,395.0855407714844,False,0.0,0.0
2022-05-04,407.1169738769531,True,0.0,0.0
2022-05-05,392.6469421386719,True,1.0,-0.03554268838384189
2022-05-06,390.30322265625,True,1.0,-0.00596902517476916
2022-05-09,377.80682373046875,False,1.0,-0.032017155381745765
2022-05-10,378.67974853515625,False,0.0,0.0
2022-05-11,372.66400146484375,False,0.0,-0.0
2022-05-12,372.2749328613281,False,0.0,-0.0
2022-05-13,381.1752624511719,False,0.0,0.0
2022-05-16,379.6285705566406,True,0.0,-0.0
2022-05-17,387.43768310546875,True,1.0,0.020570402636919116
2022-05-18,371.8194274902344,False,1.0,-0.040311658613193635
2022-05-19,369.5422058105469,False,0.0,-0.0
2022-05-20,369.70355224609375,False,0.0,0.0
2022-05-23,376.6207580566406,True,0.0,0.0
2022-05-24,373.7456359863281,True,1.0,-0.0076339978846309275
2022-05-25,377.0477600097656,True,1.0,0.008835217606549595
2022-05-26,384.5816345214844,True,1.0,0.019981220711995817
2022-05-27,394.0228271484375,True,1.0,0.024549255033200712
2022-05-31,391.8118896484375,True,1.0,-0.005611191402286719
2022-06-01,388.6427307128906,True,1.0,-0.008088470562724548
2022-06-02,396.0438537597656,True,1.0,0.019043513391589828
2022-06-03,389.54412841796875,True,1.0,-0.016411630379042585
2022-06-06,390.7303161621094,True,1.0,0.003045066418939424
2022-06-07,394.4782409667969,True,1.0,0.00959210137954214
2022-06-08,390.1894226074219,True,1.0,-0.010872129090983229
2022-06-09,380.9095764160156,False,1.0,-0.023782926070609833
2022-06-10,369.86480712890625,False,0.0,-0.0
2022-06-13,355.8216857910156,False,0.0,-0.0
2022-06-14,354.74957275390625,False,0.0,-0.0
2022-06-15,359.80694580078125,False,0.0,0.0
2022-06-16,347.8988037109375,False,0.0,-0.0
2022-06-17,348.6487731933594,False,0.0,0.0
2022-06-21,357.42547607421875,False,0.0,0.0
2022-06-22,356.7774658203125,False,0.0,-0.0
2022-06-23,360.27484130859375,False,0.0,0.0
2022-06-24,371.72930908203125,False,0.0,0.0
2022-06-27,370.30950927734375,True,0.0,-0.0
2022-06-28,362.74298095703125,True,1.0,-0.02043298411396055
2022-06-29,362.4476013183594,True,1.0,-0.0008142945671686386
2022-06-30,359.5029602050781,False,1.0,-0.008124322253949212
2022-07-01,363.3052062988281,False,0.0,0.0
2022-07-05,363.9913635253906,True,0.0,0.0
2022-07-06,365.220703125,False,1.0,0.0033773867261650548
2022-07-07,370.6907043457031,True,0.0,0.0
2022-07-08,370.3857421875,False,1.0,-0.0008226862843550009
2022-07-11,366.15460205078125,False,0.0,-0.0
2022-07-12,362.91455078125,False,0.0,-0.0
2022-07-13,361.00860595703125,False,0.0,-0.0
2022-07-14,360.1318359375,False,0.0,-0.0
2022-07-15,367.0122375488281,False,0.0,0.0
2022-07-18,363.98187255859375,False,0.0,-0.0
2022-07-19,373.81634521484375,True,0.0,0.0
2022-07-20,376.1987609863281,True,1.0,0.006373225253473391
2022-07-21,380.0296325683594,True,1.0,0.010183105260600511
2022-07-22,376.503662109375,True,1.0,-0.009278146114961472
2022-07-25,376.96112060546875,True,1.0,0.001215017387960593
2022-07-26,372.5013122558594,True,1.0,-0.01183095047692484
2022-07-27,382.173828125,True,1.0,0.025966394079430355
2022-07-28,386.9671936035156,True,1.0,0.012542369795526254
2022-07-29,392.608642578125,True,1.0,0.014578623376506616
2022-08-01,391.4460754394531,True,1.0,-0.002961134862028758
2022-08-02,388.863525390625,True,1.0,-0.006597460572133285
2022-08-03,394.95294189453125,True,1.0,0.01565952090206779
2022-08-04,394.68609619140625,True,1.0,-0.0006756392339932749
2022-08-05,394.0190124511719,True,1.0,-0.0016901627563562505
2022-08-08,393.5616455078125,True,1.0,-0.0011607737923967631
2022-08-09,391.9988098144531,True,1.0,-0.003971006095735863
2022-08-10,400.2322998046875,True,1.0,0.021003864767169977
2022-08-11,400.2322998046875,True,1.0,0.0
2022-08-12,407.00787353515625,True,1.0,0.016929102758011405
2022-08-15,408.68505859375,True,1.0,0.004120768092337412
2022-08-16,409.4855651855469,True,1.0,0.0019587371130016518
2022-08-17,406.57904052734375,True,1.0,-0.007097990516188535
2022-08-18,407.76068115234375,True,1.0,0.0029062999004261236
2022-08-19,402.2812194824219,False,1.0,-0.01343793534589155
2022-08-22,393.9046630859375,False,0.0,-0.0
2022-08-23,392.9517822265625,False,0.0,-0.0
2022-08-24,394.2096862792969,False,0.0,0.0
2022-08-25,399.7749328613281,False,0.0,0.0
2022-08-26,386.2429504394531,False,0.0,-0.0
2022-08-29,383.6889953613281,False,0.0,-0.0
2022-08-30,379.4769287109375,False,0.0,-0.0
2022-08-31,376.58941650390625,False,0.0,-0.0
2022-09-01,377.77117919921875,False,0.0,0.0
2022-09-02,373.78778076171875,False,0.0,-0.0
2022-09-06,372.3774108886719,False,0.0,-0.0
2022-09-07,379.06719970703125,False,0.0,0.0
2022-09-08,381.5447692871094,False,0.0,0.0
2022-09-09,387.47222900390625,True,0.0,0.0
2022-09-12,391.6366882324219,True,1.0,0.010747761818237667
2022-09-13,374.6073303222656,True,1.0,-0.04348253986881323
2022-09-14,376.0367736816406,True,1.0,0.003815844602254037
2022-09-15,371.76751708984375,True,1.0,-0.011353295450330925
2022-09-16,368.9313659667969,True,1.0,-0.007628829826898165
2022-09-19,371.7923889160156,True,1.0,0.007754892137515457
2022-09-20,367.5247497558594,True,1.0,-0.011478554395905838
2022-09-21,361.1137390136719,False,1.0,-0.017443752417888092
2022-09-22,358.0804138183594,False,0.0,-0.0
2022-09-23,352.080810546875,False,0.0,-0.0
2022-09-26,348.5978088378906,False,0.0,-0.0
2022-09-27,347.7078857421875,False,0.0,-0.0
2022-09-28,354.549560546875,False,0.0,0.0
2022-09-29,347.1433410644531,False,0.0,-0.0
2022-09-30,341.7752990722656,False,0.0,-0.0
2022-10-03,350.798583984375,True,0.0,0.0
2022-10-04,361.66864013671875,True,1.0,0.030986602137561325
2022-10-05,360.8266296386719,True,1.0,-0.00232812692228046
2022-10-06,357.10443115234375,True,1.0,-0.010315753274794282
2022-10-07,347.1433410644531,True,1.0,-0.027894053444666222
2022-10-10,344.4928283691406,True,1.0,-0.007635211112462015
2022-10-11,342.31109619140625,True,1.0,-0.00633317154398505
2022-10-12,341.1820068359375,True,1.0,-0.003298430486277315
2022-10-13,350.1862487792969,True,1.0,0.02639131537698347
2022-10-14,342.20587158203125,True,1.0,-0.02278895080856025
2022-10-17,350.99957275390625,True,1.0,0.025697107800112695
2022-10-18,355.1236572265625,True,1.0,0.01174954271396711
2022-10-19,352.60711669921875,True,1.0,-0.0070863781562664485
2022-10-20,349.6503601074219,True,1.0,-0.008385413826797583
2022-10-21,358.1474304199219,True,1.0,0.024301620366955934
2022-10-24,362.5298156738281,True,1.0,0.012236260494087547
2022-10-25,368.3189392089844,True,1.0,0.015968682532762513
2022-10-26,365.54400634765625,True,1.0,-0.007534048798271575
2022-10-27,363.592041015625,True,1.0,-0.005339891499068439
2022-10-28,372.2420349121094,True,1.0,0.02379038295866498
2022-10-31,369.5532531738281,True,1.0,-0.007223208251900148
2022-11-01,367.9361877441406,True,1.0,-0.004375730468612282
2022-11-02,358.702392578125,True,1.0,-0.025096186440994317
2022-11-03,355.0088195800781,True,1.0,-0.01029704031662515
2022-11-04,360.11859130859375,True,1.0,0.014393365591761187
2022-11-07,363.56329345703125,True,1.0,0.009565466020291291
2022-11-08,365.52484130859375,True,1.0,0.00539534074771586
2022-11-09,357.99432373046875,False,1.0,-0.020601931051157707
2022-11-10,377.66754150390625,True,0.0,0.0
2022-11-11,381.3227844238281,True,1.0,0.009678467218459774
2022-11-14,378.07904052734375,True,1.0,-0.008506556725650705
2022-11-15,381.3036193847656,True,1.0,0.008528848499309127
2022-11-16,378.39483642578125,True,1.0,-0.0076285217635166935
2022-11-17,377.2369689941406,True,1.0,-0.003059945115999829
2022-11-18,378.94976806640625,True,1.0,0.004540379689807805
2022-11-21,377.5718688964844,True,1.0,-0.003636099784287028
2022-11-22,382.65289306640625,True,1.0,0.01345710469578143
2022-11-23,385.0641784667969,True,1.0,0.006301495282232672
2022-11-25,384.97802734375,True,1.0,-0.0002237318552712475
2022-11-28,378.8349609375,False,1.0,-0.015956927330724735
2022-11-29,378.1842956542969,False,0.0,-0.0
2022-11-30,390.0973205566406,True,0.0,0.0
2022-12-01,389.8102722167969,True,1.0,-0.000735837763341074
2022-12-02,389.3605041503906,True,1.0,-0.0011538127608810012
2022-12-05,382.3562316894531,False,1.0,-0.017989170412189726
2022-12-06,376.8446350097656,False,0.0,-0.0
2022-12-07,376.20355224609375,False,0.0,-0.0
2022-12-08,379.15069580078125,False,0.0,0.0
2022-12-09,376.318359375,False,0.0,-0.0
2022-12-12,381.743896484375,False,0.0,0.0
2022-12-13,384.6335754394531,False,0.0,0.0
2022-12-14,382.1744689941406,False,0.0,-0.0
2022-12-15,372.8258056640625,False,0.0,-0.0
2022-12-16,368.4241638183594,False,0.0,-0.0
2022-12-19,365.300048828125,False,0.0,-0.0
2022-12-20,365.7999267578125,False,0.0,0.0
2022-12-21,371.26953125,False,0.0,0.0
2022-12-22,365.9729309082031,False,0.0,-0.0
2022-12-23,368.0780944824219,False,0.0,0.0
2022-12-27,366.6265563964844,False,0.0,-0.0
2022-12-28,362.0702209472656,False,0.0,-0.0
2022-12-29,368.58758544921875,False,0.0,0.0
2022-12-30,367.61669921875,False,0.0,-0.0
2023-01-03,366.0690612792969,False,0.0,-0.0
2023-01-04,368.8951721191406,True,0.0,0.0
2023-01-05,364.68487548828125,False,1.0,-0.011413260321822771
2023-01-06,373.0478515625,True,0.0,0.0
2023-01-09,372.83636474609375,True,1.0,-0.0005669160551935448
2023-01-10,375.4509582519531,True,1.0,0.00701271054297492
2023-01-11,380.1996765136719,True,1.0,0.012648038731418065
2023-01-12,381.58392333984375,True,1.0,0.0036408416726312343
2023-01-13,383.064208984375,True,1.0,0.00387931868715774
2023-01-17,382.362548828125,True,1.0,-0.0018317037713084794
2023-01-18,376.3257141113281,True,1.0,-0.015788247921504683
2023-01-19,373.5862121582031,True,1.0,-0.00727960341374545
2023-01-20,380.5457458496094,True,1.0,0.018628989681394037
2023-01-23,385.11175537109375,True,1.0,0.011998582486555609
2023-01-24,384.6983642578125,True,1.0,-0.0010734315624379986
2023-01-25,384.84259033203125,True,1.0,0.00037490690790176195
2023-01-26,389.0721130371094,True,1.0,0.010990266699506979
2023-01-27,389.9660949707031,True,1.0,0.0022977281168143904
2023-01-30,385.0732421875,True,1.0,-0.012546867141284945
2023-01-31,390.7351379394531,True,1.0,0.014703425560782524
2023-02-01,394.8878173828125,True,1.0,0.010627862815866918
2023-02-02,400.63623046875,True,1.0,0.01455707882820012
2023-02-03,396.3778076171875,True,1.0,-0.010629150655146913
2023-02-06,393.9554138183594,True,1.0,-0.006111325488655006
2023-02-07,399.1077880859375,True,1.0,0.013078572058800919
2023-02-08,394.7435302734375,True,1.0,-0.010935035453530806
2023-02-09,391.321533203125,True,1.0,-0.008668912364294123
2023-02-10,392.2347412109375,True,1.0,0.002333651308011442
2023-02-13,396.83917236328125,True,1.0,0.011738968195750932
2023-02-14,396.6565246582031,False,1.0,-0.0004602562392981291
2023-02-15,397.94464111328125,False,0.0,0.0
2023-02-16,392.4654235839844,False,0.0,-0.0
2023-02-17,391.48492431640625,False,0.0,-0.0
2023-02-21,383.63134765625,False,0.0,-0.0
2023-02-22,383.1026916503906,False,0.0,-0.0
2023-02-23,385.14056396484375,False,0.0,0.0
2023-02-24,381.02642822265625,False,0.0,-0.0
2023-02-27,382.32403564453125,False,0.0,0.0
2023-02-28,380.9109802246094,False,0.0,-0.0
2023-03-01,379.4498291015625,False,0.0,-0.0
2023-03-02,382.4009704589844,False,0.0,0.0
2023-03-03,388.53387451171875,False,0.0,0.0
2023-03-06,388.802978515625,False,0.0,0.0
2023-03-07,382.8431701660156,False,0.0,-0.0
2023-03-08,383.4679870605469,False,0.0,0.0
2023-03-09,376.39300537109375,False,0.0,-0.0
2023-03-10,370.9619445800781,False,0.0,-0.0
2023-03-13,370.43316650390625,False,0.0,-0.0
2023-03-14,376.55645751953125,False,0.0,0.0
2023-03-15,374.20135498046875,True,0.0,-0.0
2023-03-16,380.7668151855469,True,1.0,0.017545260373043936
2023-03-17,376.31463623046875,True,1.0,-0.011692665372922795
2023-03-20,379.9331359863281,True,1.0,0.009615623224506376
2023-03-21,384.9219055175781,True,1.0,0.013130651313944641
2023-03-22,378.3602600097656,True,1.0,-0.017046692884338466
2023-03-23,379.3830871582031,True,1.0,0.0027033154814173344
2023-03-24,381.87261962890625,True,1.0,0.006562054437774689
2023-03-27,382.58673095703125,True,1.0,0.001870024954444105
2023-03-28,381.7278747558594,True,1.0,-0.0022448666712080456
2023-03-29,387.2762756347656,True,1.0,0.014534963899230036
2023-03-30,389.5438232421875,True,1.0,0.0058551162311846205
2023-03-31,395.03436279296875,True,1.0,0.014094792994234329
2023-04-03,396.5396423339844,True,1.0,0.0038105027886004006
2023-04-04,394.3396301269531,True,1.0,-0.005548025902485376
2023-04-05,393.3070983886719,True,1.0,-0.0026183818703406914
2023-04-06,394.84130859375,True,1.0,0.003900794598835411
2023-04-10,395.2466125488281,True,1.0,0.001026498358344563
2023-04-11,395.3527526855469,True,1.0,0.00026854154684419207
2023-04-12,393.7413330078125,True,1.0,-0.004075903523595992
2023-04-13,398.9713134765625,True,1.0,0.013282782452118669
2023-04-14,397.9967041015625,True,1.0,-0.0024428056406046172
2023-04-17,399.4248046875,True,1.0,0.0035882221415910465
2023-04-18,399.685302734375,True,1.0,0.000652182948624791
2023-04-19,399.6177978515625,True,1.0,-0.0001688950840841308
2023-04-20,397.43707275390625,False,1.0,-0.0054570269627136625
2023-04-21,397.7458801269531,False,0.0,0.0
2023-04-24,398.16070556640625,False,0.0,0.0
2023-04-25,391.8404235839844,False,0.0,-0.0
2023-04-26,390.1807556152344,False,0.0,-0.0
2023-04-27,397.948486328125,False,0.0,0.0
2023-04-28,401.344970703125,False,0.0,0.0
2023-05-01,400.93975830078125,False,0.0,-0.0
2023-05-02,396.4335021972656,False,0.0,-0.0
2023-05-03,393.7123107910156,False,0.0,-0.0
2023-05-04,390.9237365722656,False,0.0,-0.0
2023-05-05,398.16070556640625,False,0.0,0.0
2023-05-08,398.2668762207031,False,0.0,0.0
2023-05-09,396.52032470703125,False,0.0,-0.0
2023-05-10,398.373046875,False,0.0,0.0
2023-05-11,397.67828369140625,False,0.0,-0.0
2023-05-12,397.1571960449219,False,0.0,-0.0
2023-05-15,398.5273742675781,False,0.0,0.0
2023-05-16,395.86419677734375,False,0.0,-0.0
2023-05-17,400.6695861816406,False,0.0,0.0
2023-05-18,404.5292663574219,False,0.0,0.0
2023-05-19,403.940673828125,True,0.0,-0.0
2023-05-22,404.1047668457031,True,1.0,0.0004062304893017732
2023-05-23,399.5694885253906,True,1.0,-0.011223026037810113
2023-05-24,396.67474365234375,False,1.0,-0.007244659455179936
2023-05-25,400.1098327636719,False,0.0,0.0
2023-05-26,405.29156494140625,True,0.0,0.0
2023-05-30,405.4459533691406,True,1.0,0.0003809317565162118
2023-05-31,403.1977233886719,True,1.0,-0.0055450793423552636
2023-06-01,407.0284729003906,True,1.0,0.009500920490133735
2023-06-02,412.91461181640625,True,1.0,0.014461246099252811
2023-06-05,412.123291015625,True,1.0,-0.0019164272179670316
2023-06-06,413.0207214355469,True,1.0,0.0021775775344079484
2023-06-07,411.59259033203125,True,1.0,-0.0034577710739350787
2023-06-08,414.0821228027344,True,1.0,0.006048535685967638
2023-06-09,414.8251647949219,True,1.0,0.001794431469676061
2023-06-12,418.58837890625,True,1.0,0.009071807669114085
2023-06-13,421.3481140136719,True,1.0,0.006592956819854612
2023-06-14,421.849853515625,True,1.0,0.0011907956515424534
2023-06-15,427.079833984375,True,1.0,0.01239772972578801
2023-06-16,425.62506103515625,True,1.0,-0.0034063255472558396
2023-06-20,423.4168395996094,True,1.0,-0.005188184713974087
2023-06-21,421.24737548828125,True,1.0,-0.005123707676292777
2023-06-22,422.7679443359375,True,1.0,0.0036096814749142503
2023-06-23,419.57183837890625,True,1.0,-0.007559953397250907
2023-06-26,417.8575439453125,False,1.0,-0.004085818629337101
2023-06-27,422.4386901855469,False,0.0,0.0
2023-06-28,422.6517028808594,False,0.0,0.0
2023-06-29,424.3175964355469,False,0.0,0.0
2023-06-30,429.3248596191406,False,0.0,0.0
2023-07-03,429.8187561035156,False,0.0,0.0
2023-07-05,429.1795654296875,False,0.0,-0.0
2023-07-06,425.81878662109375,False,0.0,-0.0
2023-07-07,424.7436828613281,False,0.0,-0.0
2023-07-10,425.81878662109375,False,0.0,0.0
2023-07-11,428.5306396484375,False,0.0,0.0
2023-07-12,431.9785461425781,False,0.0,0.0
2023-07-13,435.4071044921875,False,0.0,0.0
2023-07-14,435.13592529296875,False,0.0,-0.0
2023-07-17,436.64678955078125,False,0.0,0.0
2023-07-18,439.891357421875,True,0.0,0.0
2023-07-19,440.8695983886719,True,1.0,0.002223824019935705
2023-07-20,437.9446716308594,True,1.0,-0.006634448754241129
2023-07-21,437.9446716308594,True,1.0,0.0
2023-07-24,439.90106201171875,True,1.0,0.004467209005132977
2023-07-25,441.1020202636719,True,1.0,0.0027300644523589046
2023-07-26,441.1698303222656,True,1.0,0.00015372874182983942
2023-07-27,438.24493408203125,True,1.0,-0.0066298645990769955
2023-07-28,442.535400390625,True,1.0,0.009790110449492628
2023-07-31,443.37799072265625,True,1.0,0.0019040066202331563
2023-08-01,442.1092834472656,False,1.0,-0.002861457496622144
2023-08-02,435.9591979980469,False,0.0,-0.0
2023-08-03,434.7098083496094,False,0.0,-0.0
2023-08-04,432.74365234375,False,0.0,-0.0
2023-08-07,436.5209045410156,False,0.0,0.0
2023-08-08,434.6226501464844,False,0.0,-0.0
2023-08-09,431.7170715332031,False,0.0,-0.0
2023-08-10,431.8720703125,False,0.0,0.0
2023-08-11,431.6202392578125,False,0.0,-0.0
2023-08-14,434.00274658203125,False,0.0,0.0
2023-08-15,428.9471435546875,False,0.0,-0.0
2023-08-16,425.7994384765625,False,0.0,-0.0
2023-08-17,422.55487060546875,False,0.0,-0.0
2023-08-18,422.75823974609375,False,0.0,0.0
2023-08-21,425.5088806152344,False,0.0,0.0
2023-08-22,424.3562927246094,False,0.0,-0.0
2023-08-23,429.0826721191406,False,0.0,0.0
2023-08-24,423.135986328125,False,0.0,-0.0
2023-08-25,426.1190185546875,True,0.0,0.0
2023-08-28,428.8211669921875,True,1.0,0.0063412997773841795
2023-08-29,435.019775390625,True,1.0,0.014454996337786685
2023-08-30,436.81146240234375,True,1.0,0.0041186334807650216
2023-08-31,436.1722717285156,True,1.0,-0.0014633102124032016
2023-09-01,436.98583984375,True,1.0,0.001865244922631737
2023-09-05,435.09722900390625,True,1.0,-0.004321903978671382
2023-09-06,432.1722717285156,True,1.0,-0.00672253712598192
2023-09-07,430.8454284667969,True,1.0,-0.003070172124675863
2023-09-08,431.4942626953125,True,1.0,0.0015059559313987947
2023-09-11,434.3320617675781,True,1.0,0.006576678573984696
2023-09-12,431.949462890625,True,1.0,-0.005485661977743028
2023-09-13,432.453125,False,1.0,0.0011660209182908776
2023-09-14,436.18194580078125,False,0.0,0.0
2023-09-15,430.92669677734375,False,0.0,-0.0
2023-09-18,431.179443359375,False,0.0,0.0
2023-09-19,430.2851257324219,False,0.0,-0.0
2023-09-20,426.32940673828125,False,0.0,-0.0
2023-09-21,419.28289794921875,False,0.0,-0.0
2023-09-22,418.3401184082031,False,0.0,-0.0
2023-09-25,420.0993347167969,False,0.0,0.0
2023-09-26,413.9275207519531,False,0.0,-0.0
2023-09-27,414.0927734375,False,0.0,0.0
2023-09-28,416.493408203125,False,0.0,0.0
2023-09-29,415.482666015625,False,0.0,-0.0
2023-10-02,415.31744384765625,False,0.0,-0.0
2023-10-03,409.7579040527344,False,0.0,-0.0
2023-10-04,412.7418212890625,False,0.0,0.0
2023-10-05,412.5862731933594,True,0.0,-0.0
2023-10-06,417.4848327636719,True,1.0,0.011872812763251472
2023-10-09,420.1576232910156,True,1.0,0.006402126059647184
2023-10-10,422.344482421875,True,1.0,0.005204854106252155
2023-10-11,424.0745544433594,True,1.0,0.004096352843450335
2023-10-12,421.4891662597656,True,1.0,-0.006096541649350584
2023-10-13,419.3897705078125,True,1.0,-0.004980900862963766
2023-10-16,423.8023986816406,True,1.0,0.01052154459677257
2023-10-17,423.782958984375,True,1.0,-4.5869719770608164e-05
2023-10-18,418.13604736328125,True,1.0,-0.013325008713486186
2023-10-19,414.46209716796875,True,1.0,-0.008786494774798759
2023-10-20,409.3691711425781,True,1.0,-0.012288038062324036
2023-10-23,408.6596374511719,True,1.0,-0.001733236749181355
2023-10-24,411.74066162109375,True,1.0,0.007539340535655414
2023-10-25,405.831298828125,False,1.0,-0.014352147707983431
2023-10-26,400.97161865234375,False,0.0,-0.0
2023-10-27,399.15411376953125,False,0.0,-0.0
2023-10-30,403.9263610839844,False,0.0,0.0
2023-10-31,406.46307373046875,False,0.0,0.0
2023-11-01,410.7978820800781,False,0.0,0.0
2023-11-02,418.67059326171875,True,0.0,0.0
2023-11-03,422.4903259277344,True,1.0,0.009123479717687788
2023-11-06,423.4622497558594,True,1.0,0.0023004641017301264
2023-11-07,424.6673889160156,True,1.0,0.0028459187586402646
2023-11-08,424.9784240722656,True,1.0,0.0007324206293399804
2023-11-09,421.66412353515625,True,1.0,-0.007798750123243381
2023-11-10,428.2441101074219,True,1.0,0.015604805353370388
2023-11-13,427.8359375,True,1.0,-0.0009531306976282572
2023-11-14,436.13623046875,True,1.0,0.019400644595803707
2023-11-15,437.0595397949219,True,1.0,0.002117020466700259
2023-11-16,437.5942077636719,True,1.0,0.0012233298213806254
2023-11-17,438.138427734375,True,1.0,0.0012436635610064695
2023-11-20,441.51104736328125,True,1.0,0.007697612022634415
2023-11-21,440.548828125,True,1.0,-0.002179377490161727
2023-11-22,442.24969482421875,True,1.0,0.0038607904291965145
2023-11-24,442.5218811035156,True,1.0,0.0006154583767550292
2023-11-27,441.7248840332031,True,1.0,-0.0018010342637182486
2023-11-28,442.1622009277344,True,1.0,0.0009900209617765832
2023-11-29,441.8512268066406,False,1.0,-0.0007033032684414797
2023-11-30,443.59100341796875,False,0.0,0.0
2023-12-01,446.2152099609375,False,0.0,0.0
2023-12-04,443.87286376953125,False,0.0,-0.0
2023-12-05,443.785400390625,False,0.0,-0.0
2023-12-06,441.9970397949219,False,0.0,-0.0
2023-12-07,445.36968994140625,False,0.0,0.0
2023-12-08,447.28436279296875,False,0.0,0.0
2023-12-11,449.0240783691406,False,0.0,0.0
2023-12-12,451.07489013671875,False,0.0,0.0
2023-12-13,457.2952880859375,False,0.0,0.0
2023-12-14,458.7629089355469,True,0.0,0.0
2023-12-15,458.00750732421875,True,1.0,-0.0016466056793493777
2023-12-18,460.5838623046875,True,1.0,0.005625137010352388
2023-12-19,463.38458251953125,True,1.0,0.006080804049081179
2023-12-20,456.96337890625,True,1.0,-0.013857180095133148
2023-12-21,461.2962646484375,True,1.0,0.009481910240943803
2023-12-22,462.22332763671875,True,1.0,0.0020096910799565215
2023-12-26,464.17510986328125,True,1.0,0.004222595680191343
2023-12-27,465.0143127441406,True,1.0,0.001807944594673705
2023-12-28,465.19000244140625,True,1.0,0.00037781567674510796
2023-12-29,463.84326171875,False,1.0,-0.0028950336756772277
2024-01-02,461.2474670410156,False,0.0,-0.0
2024-01-03,457.4806213378906,False,0.0,-0.0
2024-01-04,456.0069580078125,False,0.0,-0.0
2024-01-05,456.631591796875,False,0.0,0.0
2024-01-08,463.15045166015625,False,0.0,0.0
2024-01-09,462.44781494140625,False,0.0,-0.0
2024-01-10,465.0631103515625,False,0.0,0.0
2024-01-11,464.8581848144531,False,0.0,-0.0
2024-01-12,465.18023681640625,False,0.0,0.0
2024-01-16,463.47247314453125,False,0.0,-0.0
2024-01-17,460.8961486816406,False,0.0,-0.0
2024-01-18,464.9947814941406,False,0.0,0.0
2024-01-19,470.7915344238281,False,0.0,0.0
2024-01-22,471.78692626953125,True,0.0,0.0
2024-01-23,473.16290283203125,True,1.0,0.002916521179126219
2024-01-24,473.68011474609375,True,1.0,0.0010930948114631356
2024-01-25,476.2564392089844,True,1.0,0.0054389542281536585
2024-01-26,475.6513671875,True,1.0,-0.0012704752559132837
2024-01-29,479.418212890625,True,1.0,0.007919341692210757
2024-01-30,479.0473937988281,True,1.0,-0.0007734772727157058
2024-01-31,471.230712890625,True,1.0,-0.01631713481669761
2024-02-01,477.398193359375,True,1.0,0.013088027371809918
2024-02-02,482.4239807128906,True,1.0,0.010527453650693408
2024-02-05,480.6673583984375,True,1.0,-0.0036412416975153405
2024-02-06,482.06292724609375,True,1.0,0.0029033984173716387
2024-02-07,486.08349609375,True,1.0,0.008340340275956759
2024-02-08,486.2982177734375,True,1.0,0.000441738263925906
2024-02-09,489.1087341308594,True,1.0,0.005779409125310275
2024-02-12,488.8940124511719,True,1.0,-0.00043900602198210237
2024-02-13,482.16046142578125,True,1.0,-0.013773028210410154
2024-02-14,486.5421447753906,True,1.0,0.009087604024295981
2024-02-15,489.89910888671875,True,1.0,0.006899636850324242
2024-02-16,487.4595031738281,True,1.0,-0.004979812513712378
2024-02-20,484.77581787109375,False,1.0,-0.005505452833027169
2024-02-21,485.2149353027344,False,0.0,0.0
2024-02-22,495.2567138671875,False,0.0,0.0
2024-02-23,495.5982971191406,False,0.0,0.0
2024-02-26,493.78314208984375,False,0.0,-0.0
2024-02-27,494.7004089355469,False,0.0,0.0
2024-02-28,494.0466613769531,False,0.0,-0.0
2024-02-29,495.8226623535156,False,0.0,0.0
2024-03-01,500.4776306152344,True,0.0,0.0
2024-03-04,499.9408874511719,True,1.0,-0.0010724618469014624
2024-03-05,494.94439697265625,False,1.0,-0.009994162517870886
2024-03-06,497.45245361328125,False,0.0,0.0
2024-03-07,502.390380859375,False,0.0,0.0
2024-03-08,499.3749084472656,False,0.0,-0.0
2024-03-11,498.9455261230469,False,0.0,-0.0
2024-03-12,504.3128967285156,True,0.0,0.0
2024-03-13,503.5223693847656,False,1.0,-0.001567533467571769
2024-03-14,502.5269775390625,False,0.0,-0.0
2024-03-15,499.0763244628906,False,0.0,-0.0
2024-03-18,502.04241943359375,False,0.0,0.0
2024-03-19,504.832275390625,False,0.0,0.0
2024-03-20,509.5016784667969,False,0.0,0.0
2024-03-21,511.1854553222656,False,0.0,0.0
2024-03-22,510.2163391113281,False,0.0,-0.0
2024-03-25,508.806640625,False,0.0,-0.0
2024-03-26,507.866943359375,False,0.0,-0.0
2024-03-27,512.1349487304688,False,0.0,0.0
2024-03-28,512.037109375,False,0.0,-0.0
2024-04-01,511.1462707519531,False,0.0,-0.0
2024-04-02,507.89630126953125,False,0.0,-0.0
2024-04-03,508.45428466796875,False,0.0,0.0
2024-04-04,502.24798583984375,False,0.0,-0.0
2024-04-05,507.4949645996094,False,0.0,0.0
2024-04-08,507.7788391113281,False,0.0,0.0
2024-04-09,508.3661804199219,False,0.0,0.0
2024-04-10,503.2758483886719,False,0.0,-0.0
2024-04-11,507.07403564453125,False,0.0,0.0
2024-04-12,500.0748596191406,False,0.0,-0.0
2024-04-15,493.8098449707031,False,0.0,-0.0
2024-04-16,492.90924072265625,False,0.0,-0.0
2024-04-17,489.9920349121094,False,0.0,-0.0
2024-04-18,488.9837951660156,False,0.0,-0.0
2024-04-19,484.71575927734375,False,0.0,-0.0
2024-04-22,489.1795959472656,False,0.0,0.0
2024-04-23,494.9844970703125,False,0.0,0.0
2024-04-24,494.74957275390625,False,0.0,-0.0
2024-04-25,492.8700866699219,False,0.0,-0.0
2024-04-26,497.5394592285156,True,0.0,0.0
2024-04-29,499.30145263671875,True,1.0,0.0035414144054730645
2024-04-30,491.3919372558594,True,1.0,-0.015841162366123096
2024-05-01,489.79632568359375,True,1.0,-0.003247126074506168
2024-05-02,494.3775939941406,True,1.0,0.009353415022362421
2024-05-03,500.50555419921875,True,1.0,0.012395303265201774
2024-05-06,505.6741638183594,True,1.0,0.01032677774657298
2024-05-07,506.232177734375,True,1.0,0.001103504896912355
2024-05-08,506.2810974121094,True,1.0,9.663486417110789e-05
2024-05-09,509.1982421875,True,1.0,0.005761907348115214
2024-05-10,509.8541564941406,True,1.0,0.0012881315218662426
2024-05-13,509.922607421875,True,1.0,0.0001342558982064812
2024-05-14,512.2621459960938,True,1.0,0.004588026771449316
2024-05-15,518.6055297851562,True,1.0,0.012383081277121954
2024-05-16,517.5385131835938,True,1.0,-0.0020574724723906312
2024-05-17,518.282470703125,True,1.0,0.0014374920910811273
2024-05-20,518.879638671875,True,1.0,0.0011522056069923625
2024-05-21,520.1522827148438,True,1.0,0.0024526767830517215
2024-05-22,518.6546020507812,True,1.0,-0.0028793119127452638
2024-05-23,514.8661499023438,True,1.0,-0.007304383559806116
2024-05-24,518.2727661132812,True,1.0,0.006616508410163702
2024-05-28,518.635009765625,True,1.0,0.0006989440233573507
2024-05-29,515.003173828125,False,1.0,-0.007002681787990461
2024-05-30,511.5867004394531,False,0.0,-0.0
2024-05-31,516.2463989257812,False,0.0,0.0
2024-06-03,516.6674194335938,False,0.0,0.0
2024-06-04,517.2448120117188,False,0.0,0.0
2024-06-05,523.3922729492188,False,0.0,0.0
2024-06-06,523.3826293945312,False,0.0,-0.0
2024-06-07,522.7462768554688,False,0.0,-0.0
2024-06-10,524.3614501953125,False,0.0,0.0
2024-06-11,525.6243286132812,False,0.0,0.0
2024-06-12,529.9412231445312,True,0.0,0.0
2024-06-13,531.00830078125,True,1.0,0.00201357733672225
2024-06-14,531.3314208984375,True,1.0,0.0006085029494118377
2024-06-17,535.5601196289062,True,1.0,0.007958683721957183
2024-06-18,536.9208374023438,True,1.0,0.002540737675502003
2024-06-20,535.4622802734375,True,1.0,-0.002716521742688993
2024-06-21,534.7444458007812,True,1.0,-0.0013405883086473613
2024-06-24,533.0062255859375,True,1.0,-0.00325056244808819
2024-06-25,535.0587768554688,True,1.0,0.00385089548865003
2024-06-26,535.7264404296875,True,1.0,0.0012478322066644676
2024-06-27,536.571044921875,True,1.0,0.0015765592818417495
2024-06-28,534.4595947265625,False,1.0,-0.003935080387388323
2024-07-01,535.5595703125,False,0.0,0.0
2024-07-02,539.1637573242188,False,0.0,0.0
2024-07-03,541.5697631835938,False,0.0,0.0
2024-07-05,544.6928100585938,False,0.0,0.0
2024-07-08,545.3212890625,True,0.0,0.0
2024-07-09,545.8515625,True,1.0,0.0009724055307132051
2024-07-10,551.2529907226562,True,1.0,0.009895415885442738
2024-07-11,546.4996948242188,True,1.0,-0.008622712218225304
2024-07-12,549.94677734375,True,1.0,0.006307565314633834
2024-07-15,551.459228515625,True,1.0,0.0027501773520342
2024-07-16,554.7294921875,True,1.0,0.005930200280948483
2024-07-17,546.9514770507812,True,1.0,-0.014021275678073652
2024-07-18,542.7482299804688,True,1.0,-0.007684862819965055
2024-07-19,539.1441040039062,False,1.0,-0.006640511709623098
2024-07-22,544.70263671875,False,0.0,0.0
2024-07-23,543.8482666015625,False,0.0,-0.0
2024-07-24,531.5233154296875,False,0.0,-0.0
2024-07-25,528.7538452148438,False,0.0,-0.0
2024-07-26,534.6756591796875,False,0.0,0.0
2024-07-29,534.9899291992188,False,0.0,0.0
2024-07-30,532.2794189453125,False,0.0,-0.0
2024-07-31,540.9314575195312,False,0.0,0.0
2024-08-01,533.2714233398438,False,0.0,-0.0
2024-08-02,523.3426513671875,False,0.0,-0.0
2024-08-05,508.10107421875,False,0.0,-0.0
2024-08-06,512.7854614257812,False,0.0,0.0
2024-08-07,509.3580627441406,False,0.0,-0.0
2024-08-08,521.1329956054688,True,0.0,0.0
2024-08-09,523.4310302734375,True,1.0,0.004409689440790121
2024-08-12,523.7060546875,True,1.0,0.0005254262704272872
2024-08-13,532.3186645507812,True,1.0,0.016445503706120856
2024-08-14,533.9981079101562,True,1.0,0.003154958620119608
2024-08-15,543.1510009765625,True,1.0,0.017140309920248287
2024-08-16,544.36865234375,True,1.0,0.0022418284510168363
2024-08-19,549.5736083984375,True,1.0,0.009561454415638826
2024-08-20,548.679931640625,True,1.0,-0.001626127499857244
2024-08-21,550.5655517578125,True,1.0,0.0034366485968408966
2024-08-22,546.244384765625,True,1.0,-0.007848596735468005
2024-08-23,552.0484619140625,True,1.0,0.010625422082696234
2024-08-26,550.732421875,True,1.0,-0.0023839212131839815
2024-08-27,551.4886474609375,True,1.0,0.001373127050270373
2024-08-28,548.2871704101562,True,1.0,-0.005805154948376412
2024-08-29,548.336181640625,True,1.0,8.938970873972885e-05
2024-08-30,553.5706176757812,True,1.0,0.009546034367994505
2024-09-03,542.1787109375,True,1.0,-0.02057895844636992
2024-09-04,541.0689697265625,False,1.0,-0.0020468181220516524
2024-09-05,539.7529296875,False,0.0,-0.0
2024-09-06,530.6688842773438,False,0.0,-0.0
2024-09-09,536.6103515625,False,0.0,0.0
2024-09-10,538.94775390625,False,0.0,0.0
2024-09-11,544.4766845703125,False,0.0,0.0
2024-09-12,549.06298828125,False,0.0,0.0
2024-09-13,551.9306030273438,False,0.0,0.0
2024-09-16,552.7456665039062,False,0.0,0.0
2024-09-17,552.9715576171875,False,0.0,0.0
2024-09-18,551.3316040039062,False,0.0,-0.0
2024-09-19,560.7396850585938,True,0.0,0.0
2024-09-20,559.7703857421875,True,1.0,-0.0017286083761041127
2024-09-23,561.169189453125,True,1.0,0.0024988883773886528
2024-09-24,562.77490234375,True,1.0,0.002861370368871796
2024-09-25,561.53369140625,True,1.0,-0.00220551935121982
2024-09-26,563.760009765625,True,1.0,0.003964710209639621
2024-09-27,562.9423217773438,True,1.0,-0.0014504185719401708
2024-09-30,565.1981201171875,True,1.0,0.004007157132406736
2024-10-01,560.1348266601562,True,1.0,-0.008958440017425073
2024-10-02,560.3712768554688,True,1.0,0.0004221308586047634
2024-10-03,559.3468017578125,True,1.0,-0.0018282077257869567
2024-10-04,564.4297485351562,True,1.0,0.009087290320370034
2024-10-07,559.3270874023438,False,1.0,-0.00904038305219601
2024-10-08,564.616943359375,False,0.0,0.0
2024-10-09,568.5277709960938,False,0.0,0.0
2024-10-10,567.5328369140625,False,0.0,-0.0
2024-10-11,570.9312744140625,False,0.0,0.0
2024-10-14,575.6007080078125,False,0.0,0.0
2024-10-15,571.1283569335938,False,0.0,-0.0
2024-10-16,573.6107177734375,False,0.0,0.0
2024-10-17,573.6599731445312,False,0.0,0.0
2024-10-18,575.86669921875,False,0.0,0.0
2024-10-21,574.9209594726562,True,0.0,-0.0
2024-10-22,574.6155395507812,False,1.0,-0.0005312381064610516
2024-10-23,569.3651123046875,False,0.0,-0.0
2024-10-24,570.596435546875,False,0.0,0.0
2024-10-25,570.3992919921875,False,0.0,-0.0
2024-10-28,572.1627197265625,False,0.0,0.0
2024-10-29,573.0887451171875,False,0.0,0.0
2024-10-30,571.35498046875,False,0.0,-0.0
2024-10-31,560.154541015625,False,0.0,-0.0
2024-11-01,562.518798828125,False,0.0,0.0
2024-11-04,561.30712890625,False,0.0,-0.0
2024-11-05,568.0942993164062,False,0.0,0.0
2024-11-06,582.2203369140625,False,0.0,0.0
2024-11-07,586.7221069335938,True,0.0,0.0
2024-11-08,589.2636108398438,True,1.0,0.004331699583526527
2024-11-11,589.8250732421875,True,1.0,0.0009528204219899639
2024-11-12,587.9928588867188,True,1.0,-0.003106369055145941
2024-11-13,588.2785034179688,True,1.0,0.00048579591900277386
2024-11-14,584.4957885742188,True,1.0,-0.006430142903016134
2024-11-15,577.00927734375,True,1.0,-0.012808494734805276
2024-11-18,579.3734741210938,True,1.0,0.0040973288821755105
2024-11-19,581.4913330078125,True,1.0,0.0036554294963737632
2024-11-20,581.6883544921875,True,1.0,0.0003388210162236227
2024-11-21,584.8110961914062,True,1.0,0.005368410206432417
2024-11-22,586.6236572265625,True,1.0,0.0030993957655054416
2024-11-25,588.613525390625,True,1.0,0.003392069412048837
2024-11-26,591.6869506835938,True,1.0,0.005221465631339628
2024-11-27,589.89404296875,True,1.0,-0.0030301626777003987
2024-11-29,593.55859375,True,1.0,0.00621221866016386
2024-12-02,594.6224365234375,True,1.0,0.0017923129824746198
2024-12-03,594.8983154296875,False,1.0,0.0004639564357225012
2024-12-04,598.59228515625,False,0.0,0.0
2024-12-05,597.607177734375,False,0.0,-0.0
2024-12-06,598.7401123046875,False,0.0,0.0
2024-12-09,595.6567993164062,False,0.0,-0.0
2024-12-10,593.8048706054688,False,0.0,-0.0
2024-12-11,598.3953857421875,False,0.0,0.0
2024-12-12,595.3121337890625,False,0.0,-0.0
2024-12-13,595.1937255859375,False,0.0,-0.0
2024-12-16,597.7352905273438,False,0.0,0.0
2024-12-17,595.2725219726562,False,0.0,-0.0
2024-12-18,577.5313720703125,False,0.0,-0.0
2024-12-19,577.3540649414062,False,0.0,-0.0
2024-12-20,584.2886352539062,False,0.0,0.0
2024-12-23,587.7875366210938,False,0.0,0.0
2024-12-24,594.32080078125,False,0.0,0.0
2024-12-26,594.3603515625,False,0.0,0.0
2024-12-27,588.1038208007812,False,0.0,-0.0
2024-12-30,581.392578125,False,0.0,-0.0
2024-12-31,579.2774658203125,False,0.0,-0.0
2025-01-02,577.8541259765625,False,0.0,-0.0
2025-01-03,585.0792846679688,True,0.0,0.0
2025-01-06,588.4497680664062,True,1.0,0.0057607293349144495
2025-01-07,581.7979125976562,True,1.0,-0.011304032781944029
2025-01-08,582.6478881835938,True,1.0,0.0014609464343768863
2025-01-10,573.7523193359375,False,1.0,-0.015267486638264827
2025-01-13,574.6419067382812,False,0.0,0.0
2025-01-14,575.4325561523438,False,0.0,0.0
2025-01-15,585.8997192382812,True,0.0,0.0
2025-01-16,584.7728881835938,True,1.0,-0.0019232490094934773
2025-01-17,590.64404296875,True,1.0,0.0100400598314212
2025-01-21,596.0504150390625,True,1.0,0.009153350710418673
2025-01-22,599.4011840820312,True,1.0,0.005621620182496123
2025-01-23,602.6727294921875,True,1.0,0.005458022935284301
2025-01-24,600.913330078125,True,1.0,-0.0029193280664033816
2025-01-27,592.4132080078125,True,1.0,-0.014145337846320327
2025-01-28,597.50341796875,True,1.0,0.008592330306164131
2025-01-29,594.8248291015625,True,1.0,-0.0044829682753841915
2025-01-30,598.0173950195312,True,1.0,0.005367237145750714
2025-01-31,594.8347778320312,True,1.0,-0.005321947511904845
2025-02-03,590.831787109375,True,1.0,-0.006729584200247607
2025-02-04,594.7952270507812,True,1.0,0.006708237484643886
2025-02-05,597.2069091796875,True,1.0,0.0040546427059684476
2025-02-06,599.2825317382812,True,1.0,0.003475550142989503
2025-02-07,593.7969970703125,False,1.0,-0.00915350336018872
2025-02-10,597.82958984375,False,0.0,0.0
2025-02-11,598.2843017578125,False,0.0,0.0
2025-02-12,596.3568725585938,False,0.0,-0.0
2025-02-13,602.6529541015625,False,0.0,0.0
2025-02-14,602.6232299804688,False,0.0,-0.0
2025-02-18,604.3925170898438,False,0.0,0.0
2025-02-19,605.8157958984375,False,0.0,0.0
2025-02-20,603.29541015625,False,0.0,-0.0
2025-02-21,592.9766235351562,False,0.0,-0.0
2025-02-24,590.2781982421875,False,0.0,-0.0
2025-02-25,587.3427734375,False,0.0,-0.0
2025-02-26,587.63916015625,False,0.0,0.0
2025-02-27,578.2593994140625,False,0.0,-0.0
2025-02-28,587.283447265625,False,0.0,0.0
2025-03-03,576.9942626953125,False,0.0,-0.0
2025-03-04,570.1644897460938,False,0.0,-0.0
2025-03-05,576.29248046875,False,0.0,0.0
2025-03-06,566.0626220703125,False,0.0,-0.0
2025-03-07,569.2353515625,False,0.0,0.0
2025-03-10,554.073486328125,False,0.0,-0.0
2025-03-11,549.4674682617188,False,0.0,-0.0
2025-03-12,552.38330078125,False,0.0,0.0
2025-03-13,545.019775390625,False,0.0,-0.0
2025-03-14,556.2775268554688,False,0.0,0.0
2025-03-17,560.5671997070312,True,0.0,0.0
2025-03-18,554.50830078125,True,1.0,-0.010808514891609389
2025-03-19,560.54736328125,True,1.0,0.01089084237601412
2025-03-20,558.9264526367188,True,1.0,-0.0028916568888006644
2025-03-21,559.1107788085938,True,1.0,0.00032978609440559303
2025-03-24,569.1236572265625,True,1.0,0.01790857697164272
2025-03-25,570.4917602539062,True,1.0,0.0024038765740486134
2025-03-26,563.6810913085938,True,1.0,-0.011938242442417257
2025-03-27,562.18408203125,True,1.0,-0.0026557734513826814
2025-03-28,550.8626708984375,True,1.0,-0.020138263417040614
2025-03-31,554.5604248046875,True,1.0,0.006712660163047612
2025-04-01,556.1268310546875,True,1.0,0.0028245907568174022
2025-04-02,559.6461791992188,True,1.0,0.0063283192754013395
2025-04-03,532.0663452148438,True,1.0,-0.049280840304919415
2025-04-04,500.9176330566406,False,1.0,-0.058542909992973846
2025-04-07,500.0254211425781,False,0.0,-0.0
2025-04-08,492.193603515625,False,0.0,-0.0
2025-04-09,543.8834838867188,True,0.0,0.0
2025-04-10,520.051025390625,True,1.0,-0.04381905169427358
2025-04-11,529.3302001953125,True,1.0,0.017842816092358715
2025-04-14,534.4654541015625,True,1.0,0.009701418706801856
2025-04-15,532.9684448242188,True,1.0,-0.002800946751292277
2025-04-16,521.1216430664062,True,1.0,-0.022227960909993016
2025-04-17,521.8651733398438,True,1.0,0.0014267883196374953
2025-04-21,509.4433898925781,True,1.0,-0.023802667972205205
2025-04-22,522.6979370117188,True,1.0,0.026017703599874986
2025-04-23,530.79736328125,True,1.0,0.015495424213525677
2025-04-24,541.9700927734375,True,1.0,0.02104895439404708
2025-04-25,545.8860473632812,True,1.0,0.00722540716186848
2025-04-28,546.0941772460938,True,1.0,0.0003812698342773313
2025-04-29,549.5342407226562,True,1.0,0.006299396001456126
2025-04-30,549.7523193359375,True,1.0,0.0003968426298504024
2025-05-01,553.6483764648438,True,1.0,0.007086931681547837
2025-05-02,561.8668823242188,True,1.0,0.014844269772543717
2025-05-05,558.6448974609375,True,1.0,-0.0057344274322650435
2025-05-06,553.9755249023438,True,1.0,-0.008358391135077414
2025-05-07,556.3052978515625,True,1.0,0.004205552130898571
2025-05-08,560.1814575195312,True,1.0,0.006967684260671847
2025-05-09,559.4677734375,True,1.0,-0.0012740230374482797
2025-05-12,577.9567260742188,True,1.0,0.03304739524694744
2025-05-13,581.7734985351562,True,1.0,0.00660390698601776
2025-05-14,582.5170288085938,True,1.0,0.0012780408102288643
2025-05-15,585.3622436523438,True,1.0,0.004884346213138491
2025-05-16,589.0699462890625,True,1.0,0.006334031066959067
2025-05-19,589.7142944335938,True,1.0,0.001093839786922457
2025-05-20,587.7315673828125,True,1.0,-0.0033621824491902874
2025-05-21,577.8277587890625,True,1.0,-0.016850904636366515
2025-05-22,578.0558471679688,False,1.0,0.00039473420138946835
2025-05-23,574.1102294921875,False,0.0,-0.0
2025-05-27,586.0462646484375,False,0.0,0.0
2025-05-28,582.6558227539062,False,0.0,-0.0
2025-05-29,584.9557495117188,False,0.0,0.0
2025-05-30,584.301513671875,False,0.0,-0.0
2025-06-02,587.5928955078125,False,0.0,0.0
2025-06-03,590.943603515625,False,0.0,0.0
2025-06-04,590.7849731445312,False,0.0,-0.0
2025-06-05,587.9298095703125,False,0.0,-0.0
2025-06-06,593.96728515625,False,0.0,0.0
2025-06-09,594.5026245117188,False,0.0,0.0
2025-06-10,597.873291015625,False,0.0,0.0
2025-06-11,596.1680908203125,False,0.0,-0.0
2025-06-12,598.5374755859375,False,0.0,0.0
2025-06-13,591.8458251953125,False,0.0,-0.0
2025-06-16,597.4766845703125,False,0.0,0.0
2025-06-17,592.3712158203125,False,0.0,-0.0
2025-06-18,592.2819213867188,False,0.0,-0.0
2025-06-20,590.8909912109375,False,0.0,-0.0
2025-06-23,596.7274780273438,False,0.0,0.0
2025-06-24,603.3196411132812,False,0.0,0.0
2025-06-25,603.65771484375,False,0.0,0.0
2025-06-26,608.380615234375,False,0.0,0.0
2025-06-27,611.4032592773438,False,0.0,0.0
2025-06-30,614.3264770507812,True,0.0,0.0
2025-07-01,614.127685546875,True,1.0,-0.0003235926031718295
2025-07-02,616.9117431640625,True,1.0,0.0045333530513420595
2025-07-03,621.7738647460938,True,1.0,0.007881389252041293
2025-07-07,617.1403198242188,True,1.0,-0.007452138445489531
2025-07-08,616.8023681640625,True,1.0,-0.0005476091081725309
2025-07-09,620.5010986328125,True,1.0,0.005996621705197658
2025-07-10,622.2510375976562,True,1.0,0.0028202028468595763
2025-07-11,620.0636596679688,True,1.0,-0.003515266022106389
2025-07-14,621.246826171875,True,1.0,0.0019081371492402077
2025-07-15,618.592041015625,False,1.0,-0.004273317857587777
2025-07-16,620.66015625,False,0.0,0.0
2025-07-17,624.4583740234375,False,0.0,0.0
2025-07-18,624.0010375976562,False,0.0,-0.0
2025-07-21,625.1842651367188,False,0.0,0.0
2025-07-22,625.2737426757812,False,0.0,0.0
2025-07-23,630.5932006835938,False,0.0,0.0
2025-07-24,630.802001953125,False,0.0,0.0
2025-07-25,633.4667358398438,False,0.0,0.0
2025-07-28,633.3076782226562,False,0.0,-0.0
2025-07-29,631.6372680664062,False,0.0,-0.0
2025-07-30,630.841796875,False,0.0,-0.0
2025-07-31,628.475341796875,False,0.0,-0.0
2025-08-01,618.1743774414062,False,0.0,-0.0
2025-08-04,627.570556640625,False,0.0,0.0
2025-08-05,624.3887939453125,False,0.0,-0.0
2025-08-06,629.17138671875,False,0.0,0.0
2025-08-07,628.6444091796875,False,0.0,-0.0
2025-08-08,633.5462646484375,False,0.0,0.0
2025-08-11,632.29345703125,False,0.0,-0.0
2025-08-12,639.0248413085938,False,0.0,0.0
2025-08-13,641.2123413085938,False,0.0,0.0
2025-08-14,641.27197265625,False,0.0,0.0
2025-08-15,639.7705688476562,True,0.0,-0.0
2025-08-18,639.6314086914062,True,1.0,-0.00021751572051942336
2025-08-19,636.1612548828125,False,1.0,-0.005425239851328145
2025-08-20,634.470947265625,False,0.0,-0.0
2025-08-21,631.9255981445312,False,0.0,-0.0
2025-08-22,641.6299438476562,False,0.0,0.0
2025-08-25,638.8060913085938,False,0.0,-0.0
2025-08-26,641.4807739257812,False,0.0,0.0
2025-08-27,642.9423828125,False,0.0,0.0
2025-08-28,645.2192993164062,True,0.0,0.0
2025-08-29,641.3713989257812,False,1.0,-0.005963709384858351
2025-09-02,636.6187133789062,False,0.0,-0.0
2025-09-03,640.06884765625,False,0.0,0.0
2025-09-04,645.418212890625,False,0.0,0.0
2025-09-05,643.5488891601562,False,0.0,-0.0
2025-09-08,645.1298828125,False,0.0,0.0
2025-09-09,646.6212768554688,False,0.0,0.0
2025-09-10,648.4905395507812,False,0.0,0.0
2025-09-11,653.8796997070312,False,0.0,0.0
2025-09-12,653.6608276367188,True,0.0,-0.0
2025-09-15,657.1409301757812,True,1.0,0.0053240188059680005
2025-09-16,656.2361450195312,True,1.0,-0.0013768510142991852
2025-09-17,655.4208374023438,True,1.0,-0.001242399741884448
2025-09-18,658.4832153320312,True,1.0,0.004672384146077402
2025-09-19,661.74462890625,True,1.0,0.004952918310262788
2025-09-22,664.8753662109375,True,1.0,0.004731035459799804
2025-09-23,661.256103515625,True,1.0,-0.005443520514135325
2025-09-24,659.1522216796875,True,1.0,-0.00318164448653413
2025-09-25,656.1112670898438,True,1.0,-0.0046134329671143615
2025-09-26,659.8701782226562,True,1.0,0.005729075724434596
2025-09-29,661.7246704101562,True,1.0,0.002810389450384143
2025-09-30,664.21728515625,True,1.0,0.00376684572535102
2025-10-01,666.4806518554688,True,1.0,0.003407569706178837
2025-10-02,667.248291015625,True,1.0,0.0011517801124745208
2025-10-03,667.2384033203125,True,1.0,-1.4818614668121732e-05
2025-10-06,669.6312866210938,False,1.0,0.003586249365854499
2025-10-07,667.1486206054688,False,0.0,-0.0
2025-10-08,671.1268920898438,False,0.0,0.0
2025-10-09,669.1826171875,False,0.0,-0.0
2025-10-10,651.0960693359375,False,0.0,-0.0
2025-10-13,661.0865478515625,False,0.0,0.0
2025-10-14,660.2789306640625,False,0.0,-0.0
2025-10-15,663.2102661132812,False,0.0,0.0
2025-10-16,658.6936645507812,False,0.0,-0.0
2025-10-17,662.4326171875,False,0.0,0.0
2025-10-20,669.3222045898438,False,0.0,0.0
2025-10-21,669.3121948242188,False,0.0,-0.0
2025-10-22,665.83251953125,False,0.0,-0.0
2025-10-23,669.7808837890625,False,0.0,0.0
2025-10-24,675.2546997070312,True,0.0,0.0
2025-10-27,683.2211303710938,True,1.0,0.011797667854098304
2025-10-28,685.0357666015625,True,1.0,0.0026560013292959983
2025-10-29,685.3648071289062,True,1.0,0.0004803260550556576
2025-10-30,677.8270874023438,True,1.0,-0.010998113191920567
2025-10-31,680.050537109375,True,1.0,0.003280260922519762
2025-11-03,681.3267822265625,True,1.0,0.0018766915803232198
2025-11-04,673.2506103515625,True,1.0,-0.011853595199365574
2025-11-05,675.583740234375,True,1.0,0.0034654701339136285
2025-11-06,668.3351440429688,True,1.0,-0.01072938225080955
2025-11-07,668.9931640625,False,1.0,0.0009845659403016072
2025-11-10,679.432373046875,True,0.0,0.0
2025-11-11,680.9877319335938,True,1.0,0.0022892033827353053
2025-11-12,681.3666381835938,False,1.0,0.0005564068664263289
2025-11-13,670.0599975585938,False,0.0,-0.0
2025-11-14,669.9503784179688,False,0.0,-0.0
2025-11-17,663.7088012695312,False,0.0,-0.0
2025-11-18,658.1353149414062,False,0.0,-0.0
2025-11-19,660.6777954101562,False,0.0,0.0
2025-11-20,650.6075439453125,False,0.0,-0.0
2025-11-21,657.08837890625,False,0.0,0.0
2025-11-24,666.759765625,False,0.0,0.0
2025-11-25,673.03125,True,0.0,0.0
2025-11-26,677.6775512695312,True,1.0,0.006903544626688962
2025-11-28,681.3765869140625,True,1.0,0.005458400735868674
2025-12-01,678.2658081054688,True,1.0,-0.004565432491131505
2025-12-02,679.5220947265625,True,1.0,0.001852203967944055
2025-12-03,681.8751220703125,True,1.0,0.003462767968857472
2025-12-04,682.3736572265625,True,1.0,0.0007311238379490437
2025-12-05,683.6697998046875,True,1.0,0.001899461628388499
2025-12-08,681.6159057617188,True,1.0,-0.003004219352025661
2025-12-09,681.027587890625,True,1.0,-0.000863122274760153
2025-12-10,685.5443115234375,True,1.0,0.006632218302348614
2025-12-11,687.1395263671875,True,1.0,0.002326931778056762
2025-12-12,679.7514038085938,True,1.0,-0.010751997629438903
2025-12-15,678.7244262695312,True,1.0,-0.0015108134140046081
2025-12-16,676.8699340820312,True,1.0,-0.0027323197983205594
2025-12-17,669.4219360351562,False,1.0,-0.011003588240296014
2025-12-18,674.4769287109375,False,0.0,0.0
2025-12-19,680.5900268554688,False,0.0,0.0
2025-12-22,684.8300170898438,False,0.0,0.0
2025-12-23,687.9600219726562,False,0.0,0.0
2025-12-24,690.3800048828125,False,0.0,0.0
2025-12-26,690.3099975585938,False,0.0,-0.0
2025-12-29,687.8499755859375,False,0.0,-0.0
2025-12-30,687.010009765625,False,0.0,-0.0
2025-12-31,681.9199829101562,False,0.0,-0.0
2026-01-02,683.1699829101562,False,0.0,0.0
2026-01-05,687.719970703125,False,0.0,0.0
2026-01-06,691.8099975585938,False,0.0,0.0
2026-01-07,689.5800170898438,False,0.0,-0.0
2026-01-08,689.510009765625,False,0.0,-0.0
2026-01-09,694.0700073242188,False,0.0,0.0
2026-01-12,695.1599731445312,True,0.0,0.0
2026-01-13,693.77001953125,True,1.0,-0.001999473023445053
2026-01-14,690.3599853515625,True,1.0,-0.004915222744839132
2026-01-15,692.239990234375,True,1.0,0.0027232240029890775
